{
  "feature_names": [
    "curvature_max",
    "curvature_mean",
    "curvature_min",
    "curvature_p10",
    "curvature_p50",
    "curvature_p90",
    "curvature_std",
    "height_max",
    "height_mean",
    "height_min",
    "height_p10",
    "height_p50",
    "height_p90",
    "height_std",
    "linearity_max",
    "linearity_mean",
    "linearity_min",
    "linearity_p10",
    "linearity_p50",
    "linearity_p90",
    "linearity_std",
    "roughness_large_max",
    "roughness_large_mean",
    "roughness_large_min",
    "roughness_large_p10",
    "roughness_large_p50",
    "roughness_large_p90",
    "roughness_large_std",
    "roughness_small_max",
    "roughness_small_mean",
    "roughness_small_min",
    "roughness_small_p10",
    "roughness_small_p50",
    "roughness_small_p90",
    "roughness_small_std",
    "slope_max",
    "slope_mean",
    "slope_min",
    "slope_p10",
    "slope_p50",
    "slope_p90",
    "slope_std"
  ],
  "feature_importances": {
    "height_p10": 0.05434796664514246,
    "height_min": 0.05257524870138571,
    "slope_min": 0.0386379707619849,
    "slope_p10": 0.0338452789570509,
    "height_mean": 0.029157287831264315,
    "linearity_mean": 0.02721477842939814,
    "roughness_large_p90": 0.027137723274613234,
    "height_p50": 0.026551530647415417,
    "linearity_p90": 0.026300469867825412,
    "roughness_large_max": 0.024838620897402516,
    "roughness_large_p50": 0.02455157782810856,
    "linearity_max": 0.024329614690350127,
    "height_max": 0.024047493788985106,
    "slope_mean": 0.02404300355303679,
    "roughness_small_max": 0.0238911983719151,
    "slope_p50": 0.023839366629401944,
    "roughness_large_mean": 0.023673560427917472,
    "curvature_min": 0.023408997323713137,
    "linearity_p50": 0.022974931717028104,
    "height_std": 0.022854614274243366,
    "slope_max": 0.022805028270385372,
    "linearity_std": 0.022595054483089932,
    "height_p90": 0.022548755935206288,
    "slope_p90": 0.021973859146051763,
    "curvature_p10": 0.0211000615549954,
    "slope_std": 0.020778837589298882,
    "roughness_small_p90": 0.020539129255497664,
    "roughness_large_min": 0.02000284506252779,
    "roughness_small_std": 0.01964000007756404,
    "roughness_large_p10": 0.019639827425579584,
    "roughness_large_std": 0.01865886418956585,
    "linearity_p10": 0.01830696817102531,
    "curvature_max": 0.018088788249897618,
    "roughness_small_p50": 0.017904635891428017,
    "curvature_p50": 0.01775044817984524,
    "curvature_std": 0.017400134318536306,
    "curvature_p90": 0.01736969994038446,
    "roughness_small_min": 0.01735813868950382,
    "curvature_mean": 0.017014503804094413,
    "linearity_min": 0.016918225160859834,
    "roughness_small_mean": 0.016799669635447996,
    "roughness_small_p10": 0.01658529035103169
  },
  "train_metadata": {
    "train_date": "2026-02-10 21:56:01.263497",
    "n_samples": 72782,
    "n_positive": 36391,
    "n_features": 42
  },
  "cv_metrics": {
    "fold_metrics": [
      {
        "fold": 0,
        "n_train": 57824,
        "n_val": 14958,
        "n_positive_val": "8698",
        "auc_roc": 0.7069777525882709,
        "auc_pr": 0.7484718732923885
      },
      {
        "fold": 1,
        "n_train": 58490,
        "n_val": 14292,
        "n_positive_val": "7813",
        "auc_roc": 0.7318878602110567,
        "auc_pr": 0.7247523202061901
      },
      {
        "fold": 2,
        "n_train": 59717,
        "n_val": 13065,
        "n_positive_val": "6914",
        "auc_roc": 0.6884686879570723,
        "auc_pr": 0.6734080563917991
      },
      {
        "fold": 3,
        "n_train": 60550,
        "n_val": 12232,
        "n_positive_val": "4251",
        "auc_roc": 0.7116678340180489,
        "auc_pr": 0.5219500478355763
      },
      {
        "fold": 4,
        "n_train": 54547,
        "n_val": 18235,
        "n_positive_val": "8715",
        "auc_roc": 0.6593810777322977,
        "auc_pr": 0.6176552330844048
      }
    ],
    "auc_roc": 0.7006286749463396,
    "auc_pr": 0.6665058723865998
  },
  "config": {
    "n_estimators": 100,
    "max_depth": null,
    "min_samples_leaf": 5,
    "class_weight": "balanced"
  }
}