{
  "feature_names": [
    "curvature_max",
    "curvature_mean",
    "curvature_min",
    "curvature_p10",
    "curvature_p50",
    "curvature_p90",
    "curvature_std",
    "height_max",
    "height_mean",
    "height_min",
    "height_p10",
    "height_p50",
    "height_p90",
    "height_std",
    "linearity_max",
    "linearity_mean",
    "linearity_min",
    "linearity_p10",
    "linearity_p50",
    "linearity_p90",
    "linearity_std",
    "planarity_max",
    "planarity_mean",
    "planarity_min",
    "planarity_p10",
    "planarity_p50",
    "planarity_p90",
    "planarity_std",
    "roughness_large_max",
    "roughness_large_mean",
    "roughness_large_min",
    "roughness_large_p10",
    "roughness_large_p50",
    "roughness_large_p90",
    "roughness_large_std",
    "roughness_ratio_max",
    "roughness_ratio_mean",
    "roughness_ratio_min",
    "roughness_ratio_p10",
    "roughness_ratio_p50",
    "roughness_ratio_p90",
    "roughness_ratio_std",
    "roughness_small_max",
    "roughness_small_mean",
    "roughness_small_min",
    "roughness_small_p10",
    "roughness_small_p50",
    "roughness_small_p90",
    "roughness_small_std",
    "slope_max",
    "slope_mean",
    "slope_min",
    "slope_p10",
    "slope_p50",
    "slope_p90",
    "slope_std",
    "sphericity_max",
    "sphericity_mean",
    "sphericity_min",
    "sphericity_p10",
    "sphericity_p50",
    "sphericity_p90",
    "sphericity_std"
  ],
  "feature_importances": {
    "height_p10": 0.03380344343516531,
    "height_min": 0.02957236827027232,
    "slope_min": 0.028746949054469173,
    "slope_p10": 0.024094490308939634,
    "linearity_p90": 0.023114863066299337,
    "height_max": 0.02223176336533035,
    "height_mean": 0.022168282662553298,
    "planarity_p10": 0.02117715468813876,
    "linearity_p50": 0.02066783697573615,
    "linearity_max": 0.020002208267556557,
    "height_std": 0.019764772842612133,
    "height_p90": 0.01945716013924169,
    "height_p50": 0.019304401918935683,
    "linearity_mean": 0.019169004040602927,
    "slope_mean": 0.018671859009576904,
    "roughness_large_p10": 0.018389630512439102,
    "roughness_large_min": 0.018276193676704938,
    "slope_p50": 0.017514439862525398,
    "planarity_min": 0.017270840536419016,
    "planarity_p50": 0.016523393783980628,
    "planarity_mean": 0.016285815475411893,
    "roughness_large_p50": 0.016065422922611088,
    "slope_p90": 0.015961675556532506,
    "planarity_std": 0.01595707829864753,
    "linearity_std": 0.015809792619363952,
    "roughness_large_mean": 0.015676169093809263,
    "linearity_min": 0.014921556558198934,
    "curvature_min": 0.014360079360208692,
    "sphericity_min": 0.01427620252951554,
    "roughness_large_max": 0.014252808832051734,
    "roughness_small_min": 0.014173710328792768,
    "sphericity_p10": 0.014172547731423816,
    "roughness_large_p90": 0.014127803194731179,
    "roughness_ratio_max": 0.013964826064963666,
    "linearity_p10": 0.013846121506245465,
    "roughness_small_p50": 0.013715620623351745,
    "roughness_small_p90": 0.013632841695709714,
    "slope_max": 0.013544387121377144,
    "curvature_p10": 0.013427245223894022,
    "roughness_ratio_mean": 0.013271856105519904,
    "slope_std": 0.013255456792873268,
    "planarity_p90": 0.013046069259740986,
    "roughness_ratio_min": 0.012990092517420594,
    "roughness_large_std": 0.01291820016317355,
    "roughness_ratio_p10": 0.0128943103897201,
    "roughness_small_p10": 0.01281776142274816,
    "roughness_small_mean": 0.012782500904960858,
    "roughness_ratio_p50": 0.0127774315827765,
    "roughness_ratio_p90": 0.012577469700719122,
    "sphericity_p50": 0.012469433035978588,
    "roughness_small_max": 0.012419706072294862,
    "curvature_p50": 0.01208910133265518,
    "planarity_max": 0.012007254579513413,
    "roughness_small_std": 0.01167324428219306,
    "roughness_ratio_std": 0.01161393836491631,
    "sphericity_max": 0.011510592128739824,
    "sphericity_mean": 0.011488830421724314,
    "curvature_p90": 0.011449497677596272,
    "curvature_std": 0.011392810945357316,
    "curvature_mean": 0.011292221892128577,
    "sphericity_p90": 0.011245658627129727,
    "curvature_max": 0.0111451977213834,
    "sphericity_std": 0.010778602924396164
  },
  "train_metadata": {
    "train_date": "2026-02-05 21:47:00.846971",
    "n_samples": 47778,
    "n_positive": 23889,
    "n_features": 63
  },
  "cv_metrics": {
    "fold_metrics": [
      {
        "fold": 0,
        "n_train": 37477,
        "n_val": 10301,
        "n_positive_val": "6071",
        "auc_roc": 0.668480856749115,
        "auc_pr": 0.7246887616451774
      },
      {
        "fold": 1,
        "n_train": 39369,
        "n_val": 8409,
        "n_positive_val": "2842",
        "auc_roc": 0.6876139515722173,
        "auc_pr": 0.4755191214820682
      },
      {
        "fold": 2,
        "n_train": 38128,
        "n_val": 9650,
        "n_positive_val": "5561",
        "auc_roc": 0.6365773867362002,
        "auc_pr": 0.6524913034745459
      },
      {
        "fold": 3,
        "n_train": 37819,
        "n_val": 9959,
        "n_positive_val": "5324",
        "auc_roc": 0.7175781728056461,
        "auc_pr": 0.6958465156150522
      },
      {
        "fold": 4,
        "n_train": 38319,
        "n_val": 9459,
        "n_positive_val": "4091",
        "auc_roc": 0.7521022301508054,
        "auc_pr": 0.6421435242932095
      }
    ],
    "auc_roc": 0.6958785310662144,
    "auc_pr": 0.6516932618966138
  },
  "config": {
    "n_estimators": 100,
    "max_depth": null,
    "min_samples_leaf": 5,
    "class_weight": "balanced"
  }
}